Filename,Application,CPU_Num,Cacheline_Size_Bytes,Cachesize_kB,Network_Topology,Network_Flit_Size,Network_Hop_Latency,SimSeconds,Total_Insts,AvgIPC,LoadBalance,Contention_Intensity,Write_Contention_Count,Coh_Locked_RMW,CPU_Stall_Severity,NoC_Control_Lat,NoC_Data_Lat,Coh_FwdGetM (Write Contention),Coh_FwdGetS (Read Sharing),Coh_Invalidations,Coh_Writebacks (PutAck),DRAM_Read_BW,Max_Controller_BusyCycles,Max_MandatoryQueue_Stall,NoC_Avg_Hops,NoC_Flits_Injected
stats-Transpose_GeMM-4-64-16-all2all-16-1.txt,Transpose_GeMM,4,64,16,all2all,16,1,0.003255,12818020.0,0.99459075,1.0102676899078815,0.004524879817631741,29,468,6051.433971,5263.548963,0,29,297,29,265785,5244425111.0,1102228,6051.433971,1.0,2142806.0
stats-Transpose_GeMM-1-64-16-all2all-16-1.txt,Transpose_GeMM,1,64,16,all2all,16,1,0.012164,12799435.0,1.052255,1.0,0.0,0,0,6078.231303,5207.171307,0,0,0,0,0,1377415680.0,4236543,6078.231303,1.0,2102872.0
stats-Transpose_GeMM-1-64-16-mesh-16-1.txt,Transpose_GeMM,1,64,16,mesh,16,1,0.012164,12799435.0,1.052255,1.0,0.0,0,0,6078.231303,5207.171307,0,0,0,0,0,1377415680.0,4236543,6078.231303,1.0,2102872.0
stats-Transpose_GeMM-4-64-16-mesh-16-1.txt,Transpose_GeMM,4,64,16,mesh,16,1,0.003564,12817794.0,0.946053,1.0502493938913322,0.060696871864222506,748,460,7860.774811,6305.239012,0,748,40,30,265835,4790328735.0,1381329,7860.774811,1.502193,2143251.0
stats-Transpose_GeMM-2-64-16-mesh-16-1.txt,Transpose_GeMM,2,64,16,mesh,16,1,0.006813,12807496.0,0.9797834999999999,1.0406574366715196,0.0012492683971948929,10,172,8094.166764,6273.262764,0,10,11,6,265541,2498423939.0,2716867,8094.166764,1.502956,2136753.0
stats-Transpose_GeMM-8-64-16-mesh-16-1.txt,Transpose_GeMM,8,64,16,mesh,16,1,0.002331,12833360.0,0.786877625,1.1385317162019393,0.014337632545179127,91,976,10934.083784,7893.001362,0,91,102,93,266404,7368452935.0,994876,10934.083784,2.256851,2155642.0
stats-Transpose_GeMM-2-64-16-all2all-16-1.txt,Transpose_GeMM,2,64,16,all2all,16,1,0.00625,12807496.0,1.02867,1.0039620154121034,0.004138201565708082,46,172,6206.301535,5232.587101,0,46,10,7,265553,2723559815.0,2168549,6206.301535,1.0,2137031.0
